pantalla,wp_categoria,rnt_categoria,rnt_subcategoria
donde-dormir-en-tenjo,donde-dormir-en-tenjo,alojamiento,hotel
donde-dormir-en-tenjo,donde-dormir-en-tenjo,alojamiento,hostal
donde-dormir-en-tenjo,donde-dormir-en-tenjo,alojamiento,apartahotel
donde-dormir-en-tenjo,donde-dormir-en-tenjo,alojamiento,cabanas
donde-dormir-en-tenjo,donde-dormir-en-tenjo,alojamiento,camping
donde-dormir-en-tenjo,donde-dormir-en-tenjo,alojamiento,glamping
donde-dormir-en-tenjo,donde-dormir-en-tenjo,alojamiento,centro_vacacional
donde-dormir-en-tenjo,donde-dormir-en-tenjo,alojamiento,campamento
donde-dormir-en-tenjo,donde-dormir-en-tenjo,alojamiento,refugio
donde-dormir-en-tenjo,donde-dormir-en-tenjo,alojamiento,albergue
donde-dormir-en-tenjo,donde-dormir-en-tenjo,alojamiento,otros
donde-dormir-en-tenjo,donde-dormir-en-tenjo,viviendas,apartamento_turistico
donde-dormir-en-tenjo,donde-dormir-en-tenjo,viviendas,casa_turistica
donde-dormir-en-tenjo,donde-dormir-en-tenjo,viviendas,finca_turistica
donde-dormir-en-tenjo,donde-dormir-en-tenjo,viviendas,otro_tipo_vivienda
donde-dormir-en-tenjo,donde-dormir-en-tenjo,viviendas,otros_tipos_hospedaje

donde-comer-en-tenjo,donde-comer-en-tenjo,restaurantes,restaurante
donde-comer-en-tenjo,donde-comer-en-tenjo,restaurantes,bar_restaurante
donde-comer-en-tenjo,donde-comer-en-tenjo,restaurantes,cafeteria
donde-comer-en-tenjo,donde-comer-en-tenjo,bares,bar
donde-comer-en-tenjo,donde-comer-en-tenjo,bares,discoteca
donde-comer-en-tenjo,donde-comer-en-tenjo,bares,taberna
donde-comer-en-tenjo,donde-comer-en-tenjo,bares,gastrobar
donde-comer-en-tenjo,donde-comer-en-tenjo,bares,bar_social
donde-comer-en-tenjo,donde-comer-en-tenjo,bares,bar_musica
donde-comer-en-tenjo,donde-comer-en-tenjo,establecimientos_gastronomia,r_autoservicio
donde-comer-en-tenjo,donde-comer-en-tenjo,establecimientos_gastronomia,r_comida_rapida
donde-comer-en-tenjo,donde-comer-en-tenjo,establecimientos_gastronomia,cafe
donde-comer-en-tenjo,donde-comer-en-tenjo,establecimientos_gastronomia,camion_comida
donde-comer-en-tenjo,donde-comer-en-tenjo,establecimientos_gastronomia,comida_callejera
donde-comer-en-tenjo,donde-comer-en-tenjo,establecimientos_gastronomia,cevicheria_pescaderia
donde-comer-en-tenjo,donde-comer-en-tenjo,establecimientos_gastronomia,fruteria
donde-comer-en-tenjo,donde-comer-en-tenjo,establecimientos_gastronomia,heladeria
donde-comer-en-tenjo,donde-comer-en-tenjo,establecimientos_gastronomia,panaderia
donde-comer-en-tenjo,donde-comer-en-tenjo,establecimientos_gastronomia,piqueteadero

turismo-de-bienestar,turismo-de-bienestar,turismo_bienestar,terapias_alternativas

turismo-cultural,turismo-cultural,,gastronomico
turismo-cultural,turismo-cultural,,historico_patrimonial
turismo-cultural,turismo-cultural,,arqueologico
turismo-cultural,turismo-cultural,,rural_agroturismo

turismo-de-naturaleza-y-aventura,turismo-de-naturaleza-y-aventura,parques,parque_tematico
turismo-de-naturaleza-y-aventura,turismo-de-naturaleza-y-aventura,parques,parque_agroturismo
turismo-de-naturaleza-y-aventura,turismo-de-naturaleza-y-aventura,parques,parque_ecoturismo
turismo-de-naturaleza-y-aventura,turismo-de-naturaleza-y-aventura,empresas_transporte,chivas
turismo-de-naturaleza-y-aventura,turismo-de-naturaleza-y-aventura,empresas_transporte,yipaos
turismo-de-naturaleza-y-aventura,turismo-de-naturaleza-y-aventura,empresas_transporte,operador_especial

turismo-de-negocios-y-eventos,turismo-de-negocios-y-eventos,tiempo_compartido,comercializadora
turismo-de-negocios-y-eventos,turismo-de-negocios-y-eventos,tiempo_compartido,promotora
turismo-de-negocios-y-eventos,turismo-de-negocios-y-eventos,tiempo_compartido,promotora_comercializadora
turismo-de-negocios-y-eventos,turismo-de-negocios-y-eventos,usuarios_zonas_francas,usuario_desarrollador
turismo-de-negocios-y-eventos,turismo-de-negocios-y-eventos,usuarios_zonas_francas,usuario_industrial
turismo-de-negocios-y-eventos,turismo-de-negocios-y-eventos,usuarios_zonas_francas,usuario_operador
turismo-de-negocios-y-eventos,turismo-de-negocios-y-eventos,captadoras_ahorro_viajes,captadoras_ahorro_viajes
turismo-de-negocios-y-eventos,turismo-de-negocios-y-eventos,companias_intercambio_vacacional,companias_intercambio_vacacional
turismo-de-negocios-y-eventos,turismo-de-negocios-y-eventos,concesionarios_parque,concesionarios_parque
turismo-de-negocios-y-eventos,turismo-de-negocios-y-eventos,arrendadores,arrendadores
turismo-de-negocios-y-eventos,turismo-de-negocios-y-eventos,oficinas_representacion,oficinas_representacion

compras-y-artesanias,compras-y-artesanias,,artesanias
compras-y-artesanias,compras-y-artesanias,,tiendas_locales
compras-y-artesanias,compras-y-artesanias,,mercados
compras-y-artesanias,compras-y-artesanias,,souvenirs

agencia-de-viajes-y-operadoras-de-turismo,agencia-de-viajes-y-operadoras-de-turismo,agencias,operadora
agencia-de-viajes-y-operadoras-de-turismo,agencia-de-viajes-y-operadoras-de-turismo,agencias,mayorista
agencia-de-viajes-y-operadoras-de-turismo,agencia-de-viajes-y-operadoras-de-turismo,agencias,operadora_mayorista
agencia-de-viajes-y-operadoras-de-turismo,agencia-de-viajes-y-operadoras-de-turismo,agencias,agencia_vt

guias-turisticos,guias-turisticos,guias,guia_profesional